<project>
    <skin>
        <groupId>org.apache.maven.skins</groupId>
        <artifactId>maven-fluido-skin</artifactId>
        <version>1.3.0</version>
    </skin>
    <custom>
        <fluidoSkin>
          <topBarIcon>
            <name>Alfresco Software</name>
            <alt>Alfresco Software</alt>
            <src>http://people.apache.org/~gabriele/Alfresco-logo-transparent-thin.png</src>
            <href>http://www.alfresco.com</href>
          </topBarIcon>
          <topBarEnabled>true</topBarEnabled>
          <navBarStyle>navbar-inverse</navBarStyle>
          <sideBarEnabled>false</sideBarEnabled>
          <facebookLike />
          <googlePlusOne />
          <googleSearch>
            <sitesearch/>
          </googleSearch>
           <sourceLineNumbersEnabled>true</sourceLineNumbersEnabled>
        </fluidoSkin>
    </custom>
    
    <poweredBy>
        <logo name="Maven" href="http://maven.apache.org" img="http://maven.apache.org/images/logos/maven-feather.png" />
    </poweredBy>
    
    <publishDate position="navigation-bottom" format="MM-dd-yy" />
  
    <body>
         <head>
                <!--
            <script type="text/javascript">
            
              var _gaq = _gaq || [];
              _gaq.push(['_setAccount', '${gaTrackingId}']);
              _gaq.push(['_trackPageview']);
            
              (function() {
                var ga = document.createElement('script'); ga.type = 'text/javascript'; ga.async = true;
                ga.src = ('https:' == document.location.protocol ? 'https://ssl' : 'http://www') + '.google-analytics.com/ga.js';
                var s = document.getElementsByTagName('script')[0]; s.parentNode.insertBefore(ga, s);
              })();
            
            </script>
            -->
        </head>
        <menu name="JStat Analyser Utility (jstat-analyzer-ui)">
            <item name="Introduction" href="index.html"/>
            <item name="Downloading the utility" href="downloading.html"/>
            <item name="Installing/Running the utility" href="install_run.html"/>
            <item name="Usage" href="usage.html"/>
            <item name="Issues" href="issues.html"/>
        </menu>
        
        <menu ref="reports" />
      
    </body>
</project>